claim_id,experiment,metric,comparison,stats_unit,n_planned,n_complete,n_failed,estimate,ci_low,ci_high,effect_size,p_value,multiplicity_method,conclusion,criterion,note
A1_rank_matches_feedback,exp01,effective_rank,aligned d=4 minus target rank 4,seed,20,20,0,-1.8121345320931682e-05,-2.0592776934498235e-05,-1.5905182646617222e-05,-1.8121345320931682e-05,1.811981201171875e-05,holm(full_registered_family),support,"95% CI of effective-rank minus 4 lies within [-0.5, 0.5]",paired 95% bootstrap CI at the declared independent-unit level; two-one-sided margin tests awaits full-family Holm adjustment; p_value is Holm-adjusted across all 34 registered claims (raw Wilcoxon p=9.53674316406e-07); a directional bootstrap criterion can support/oppose only when Holm p<=0.05
A2_d4_r2_noninferior_full,exp01,latent_r2,aligned d=4 minus aligned d=128,seed,20,20,0,5.038215443314842e-06,-3.904777971829587e-06,1.6329565974894378e-05,5.038215443314842e-06,1.811981201171875e-05,holm(full_registered_family),support,one-sided non-inferiority margin is -0.01 latent R2,paired 95% bootstrap CI at the declared independent-unit level; one-sided support-margin test awaits full-family Holm adjustment; p_value is Holm-adjusted across all 34 registered claims (raw Wilcoxon p=9.53674316406e-07); a directional bootstrap criterion can support/oppose only when Holm p<=0.05
A3_alignment_is_necessary,exp01,latent_r2,aligned d=4 minus orthogonal d=4,seed,20,20,0,0.9727198270863889,0.971781168773587,0.9736160710197403,0.9727198270863889,1.811981201171875e-05,holm(full_registered_family),support,aligned latent-R2 advantage CI lower bound is at least 0.10,paired 95% bootstrap CI at the declared independent-unit level; one-sided support-margin test awaits full-family Holm adjustment; p_value is Holm-adjusted across all 34 registered claims (raw Wilcoxon p=9.53674316406e-07); a directional bootstrap criterion can support/oppose only when Holm p<=0.05
B1a_local_absolute_accuracy,exp02/03,accuracy,local accuracy minus absolute threshold 0.85,seed,20,20,0,-0.17468749999999997,-0.23031249999999998,-0.11937499999999998,-0.17468749999999997,0.0007697018620968842,holm(full_registered_family),oppose,local absolute accuracy-minus-0.85 CI is reported independently,paired 95% bootstrap CI at the declared independent-unit level; one-sided oppose-margin test awaits full-family Holm adjustment; p_value is Holm-adjusted across all 34 registered claims (raw Wilcoxon p=6.99728965543e-05); a directional bootstrap criterion can support/oppose only when Holm p<=0.05
B1b_local_relative_noninferiority,exp02/03,accuracy,local minus 90% of paired BPTT accuracy,seed,20,20,0,0.1263125,0.05167968750000003,0.1959437499999999,0.1263125,0.019439697265625,holm(full_registered_family),support,local relative non-inferiority to 90% of paired BPTT is reported independently of absolute performance,paired 95% bootstrap CI at the declared independent-unit level; one-sided support-margin test awaits full-family Holm adjustment; p_value is Holm-adjusted across all 34 registered claims (raw Wilcoxon p=0.0024299621582); a directional bootstrap criterion can support/oppose only when Holm p<=0.05
B2_gate_reduces_switch_cost,exp02/03,switch_cost,no-gate switch cost minus gated-local switch cost,seed,20,0,0,,,,,,holm(full_registered_family),inconclusive,"hidden-context gate improves switch cost without true-context access in the cue, gate fit/test, oracle warm start, or recurrent third factor",legacy exp02/03 lacks leakage-free hidden-context provenance; exp03 is a supervised/oracle-warm-start upper bound and the legacy no-gate third factor receives true context
P2a_hmm_context_nll,exp09,context_nll,no-gate minus learned-HMM context NLL,seed,30,30,0,0.32750767728305646,0.31889034222672374,0.33567640076197447,0.32750767728305646,3.166496753692627e-08,holm(full_registered_family),support,learned HMM improves context NLL by at least 0.02 nats/trial,paired 95% bootstrap CI at the declared independent-unit level; one-sided support-margin test awaits full-family Holm adjustment; p_value is Holm-adjusted across all 34 registered claims (raw Wilcoxon p=9.31322574615e-10); a directional bootstrap criterion can support/oppose only when Holm p<=0.05
P2b_md_context_nll,exp09,context_nll,no-gate minus MD-belief context NLL,seed,30,30,0,0.3349576771878595,0.33253823132681565,0.3375543437877225,0.3349576771878595,3.166496753692627e-08,holm(full_registered_family),support,MD belief improves context NLL by at least 0.02 nats/trial,paired 95% bootstrap CI at the declared independent-unit level; one-sided support-margin test awaits full-family Holm adjustment; p_value is Holm-adjusted across all 34 registered claims (raw Wilcoxon p=9.31322574615e-10); a directional bootstrap criterion can support/oppose only when Holm p<=0.05
P2c_md_context_brier,exp09,context_brier,no-gate minus MD-belief Brier score,seed,30,30,0,0.12929537571307298,0.12842506471025006,0.13026503721697155,0.12929537571307298,3.166496753692627e-08,holm(full_registered_family),support,MD belief improves Brier score by at least 0.01,paired 95% bootstrap CI at the declared independent-unit level; one-sided support-margin test awaits full-family Holm adjustment; p_value is Holm-adjusted across all 34 registered claims (raw Wilcoxon p=9.31322574615e-10); a directional bootstrap criterion can support/oppose only when Holm p<=0.05
P2d_md_calibration,exp09,context_ece,MD-belief ECE minus absolute calibration threshold 0.05,seed,30,30,0,-0.017611985125663577,-0.019062877332053065,-0.016049271473348208,-0.017611985125663577,3.166496753692627e-08,holm(full_registered_family),support,MD ECE upper CI <=0.05; ECE lower CI >=0.10 opposes,paired 95% bootstrap CI at the declared independent-unit level; one-sided support-margin test awaits full-family Holm adjustment; p_value is Holm-adjusted across all 34 registered claims (raw Wilcoxon p=9.31322574615e-10); a directional bootstrap criterion can support/oppose only when Holm p<=0.05
P2e_md_switch_latency,exp09,switch_latency_trials,MD-belief minus oracle-Bayes switch latency,seed,30,30,0,-0.2495119303517072,-0.2713378830208265,-0.2282612053958769,-0.2495119303517072,3.166496753692627e-08,holm(full_registered_family),support,MD excess switch latency upper CI <=1 trial,paired 95% bootstrap CI at the declared independent-unit level; one-sided support-margin test awaits full-family Holm adjustment; p_value is Holm-adjusted across all 34 registered claims (raw Wilcoxon p=9.31322574615e-10); a directional bootstrap criterion can support/oppose only when Holm p<=0.05
P2f_md_false_switch,exp09,false_switch_rate,MD-belief minus oracle-Bayes false-switch rate,seed,30,30,0,0.0007485343383584589,0.000534966499162479,0.0010008506072026796,0.0007485343383584589,1.7333066441991057e-05,holm(full_registered_family),support,MD excess false-switch-rate upper CI <=0.01,paired 95% bootstrap CI at the declared independent-unit level; one-sided support-margin test awaits full-family Holm adjustment; p_value is Holm-adjusted across all 34 registered claims (raw Wilcoxon p=8.666533221e-07); a directional bootstrap criterion can support/oppose only when Holm p<=0.05
P2g_md_behavior,exp09,behavior_balanced_accuracy,MD-belief minus no-gate held-out balanced accuracy,seed,30,30,0,0.13431836898078817,0.1331839341992972,0.1353793508004202,0.13431836898078817,3.166496753692627e-08,holm(full_registered_family),support,MD gate improves held-out balanced accuracy by at least 0.02,paired 95% bootstrap CI at the declared independent-unit level; one-sided support-margin test awaits full-family Holm adjustment; p_value is Holm-adjusted across all 34 registered claims (raw Wilcoxon p=9.31322574615e-10); a directional bootstrap criterion can support/oppose only when Holm p<=0.05
P2h_md_retains_oracle_gain,exp09,behavior_balanced_accuracy,MD gain minus 90% of oracle-Bayes gain over no gate,seed,30,30,0,0.008052901455133066,0.007644844144838791,0.00845346357200599,0.008052901455133066,3.166496753692627e-08,holm(full_registered_family),support,MD retains at least 90% of the paired oracle behavioral gain,paired 95% bootstrap CI at the declared independent-unit level; one-sided support-margin test awaits full-family Holm adjustment; p_value is Holm-adjusted across all 34 registered claims (raw Wilcoxon p=9.31322574615e-10); a directional bootstrap criterion can support/oppose only when Holm p<=0.05
P2i_md_energy,exp09,log_energy_ratio,log(MD-belief energy / no-gate energy),seed,30,30,0,0.670004833565783,0.6657404692342469,0.6749620842844678,0.670004833565783,3.166496753692627e-08,holm(full_registered_family),oppose,MD energy upper ratio CI <=1.10,paired 95% bootstrap CI at the declared independent-unit level; one-sided oppose-margin test awaits full-family Holm adjustment; p_value is Holm-adjusted across all 34 registered claims (raw Wilcoxon p=9.31322574615e-10); a directional bootstrap criterion can support/oppose only when Holm p<=0.05
P2j_clamp_causal,exp09,behavior_balanced_accuracy,intact MD-belief minus clamp accuracy,seed,30,30,0,0.13431836898078817,0.13322122991341112,0.13538819241424074,0.13431836898078817,3.166496753692627e-08,holm(full_registered_family),support,post-fit clamp reduces balanced accuracy by at least 0.01,paired 95% bootstrap CI at the declared independent-unit level; one-sided support-margin test awaits full-family Holm adjustment; p_value is Holm-adjusted across all 34 registered claims (raw Wilcoxon p=9.31322574615e-10); a directional bootstrap criterion can support/oppose only when Holm p<=0.05
P2k_delay_causal,exp09,behavior_balanced_accuracy,intact MD-belief minus one-trial delay at h=0.10/0.20 accuracy,seed,30,30,0,0.0364471193324483,0.03539959627718443,0.03747509538872046,0.0364471193324483,3.166496753692627e-08,holm(full_registered_family),support,post-fit one-trial delay at h=0.10/0.20 reduces balanced accuracy by at least 0.01,paired 95% bootstrap CI at the declared independent-unit level; one-sided support-margin test awaits full-family Holm adjustment; p_value is Holm-adjusted across all 34 registered claims (raw Wilcoxon p=9.31322574615e-10); a directional bootstrap criterion can support/oppose only when Holm p<=0.05
P2l_shuffle_causal,exp09,behavior_balanced_accuracy,intact MD-belief minus trajectory shuffle accuracy,seed,30,30,0,0.13678200589699066,0.13428327577816332,0.13919951713444192,0.13678200589699066,3.166496753692627e-08,holm(full_registered_family),support,post-fit trajectory shuffle reduces balanced accuracy by at least 0.01,paired 95% bootstrap CI at the declared independent-unit level; one-sided support-margin test awaits full-family Holm adjustment; p_value is Holm-adjusted across all 34 registered claims (raw Wilcoxon p=9.31322574615e-10); a directional bootstrap criterion can support/oppose only when Holm p<=0.05
B3_homeostasis_stabilizes,exp02,jacobian_max_real_part,no-homeostasis minus local E/I instability,seed,20,20,0,-0.03028945453016117,-0.03384149525233412,-0.02665068223058264,-0.03028945453016117,1.811981201171875e-05,holm(full_registered_family),oppose,removing inhibitory homeostasis increases Jacobian instability,paired 95% bootstrap CI at the declared independent-unit level; one-sided oppose-margin test awaits full-family Holm adjustment; p_value is Holm-adjusted across all 34 registered claims (raw Wilcoxon p=9.53674316406e-07); a directional bootstrap criterion can support/oppose only when Holm p<=0.05
B4_local_rank_below_full_feedback,exp02/03,raw_update_effective_rank,full-feedback update rank minus low-dimensional local update rank,seed,20,20,0,-0.12659891474151613,-0.5359220394271558,0.31565648835663535,-0.12659891474151613,1.0,holm(full_registered_family),inconclusive,local three-factor update rank is lower than full-feedback rank,paired 95% bootstrap CI at the declared independent-unit level; two-sided zero-difference diagnostic awaits full-family Holm adjustment; p_value is Holm-adjusted across all 34 registered claims (raw Wilcoxon p=0.521673202515); a directional bootstrap criterion can support/oppose only when Holm p<=0.05
C1_phase_effect_survives_rate_match,exp04,decoding_accuracy,in-phase minus no-oscillation decoding accuracy,seed,20,20,0,0.0,0.0,0.0,0.0,5.420951501730849e-05,holm(full_registered_family),oppose,exactly matched in-phase accuracy advantage CI exceeds 0.02,paired 95% bootstrap CI at the declared independent-unit level; one-sided oppose-margin test awaits full-family Holm adjustment; all exact matching flags true and source fingerprints identical within seed; p_value is Holm-adjusted across all 34 registered claims (raw Wilcoxon p=3.87210821552e-06); a directional bootstrap criterion can support/oppose only when Holm p<=0.05
D1_shared_basis_near_full,exp05,retained_switching_gain,shared versus common/full,session,2,0,1,,,,,,holm(full_registered_family),inconclusive,retained switching gain >= 0.90 and shared parameters < full,complete common/shared/full formal panel unavailable
D2_unseen_sequence_generalization,exp05,heldout_nll_per_scalar,full minus shared NLL on unseen combinations,session,2,0,1,,,,,,holm(full_registered_family),inconclusive,shared held-out NLL is below full LDS on unseen combinations,complete unseen-combination shared/full panel unavailable
E1_ibl_shared_switching,exp06,heldout_nll_per_scalar,shared versus common/full hidden-context LDS,animal,1,0,1,,,,,,holm(full_registered_family),inconclusive,"stimulus-pre hierarchical shared model improves on common, retains >=0.90 of full gain, and uses fewer counted parameters",strict eligible cohort has 0 animals/0 sessions (minimum 5/20); missing provenance field hierarchical_observation_model; missing provenance field nested_cv_latent_dimension; missing provenance field unit_qc_applied; missing provenance field context_coverage_valid; missing provenance field parameter_count_includes_preprocessing; missing provenance field hidden_context_inference; missing provenance field test_context_observed; missing provenance field belief_filter_used_true_block_boundaries; condition_schedule_observed is not uniformly False; parameter_count changes across folds or is missing; complete common/shared/full stimulus-pre panel unavailable
E2_latent_precedes_behavior_bias,exp06,latent_lead_trials,latent lead minus zero trials,animal,1,1,0,,,,,,holm(full_registered_family),inconclusive,independent-unit bootstrap CI of latent lead is above zero,hierarchical_observation_model is not uniformly True; nested_cv_latent_dimension is not uniformly True; unit_qc_applied is not uniformly True; context_coverage_valid is not uniformly True; parameter_count_includes_preprocessing is not uniformly True; hidden_context_inference is not uniformly True; test_context_observed is not uniformly False; belief_filter_used_true_block_boundaries is not uniformly False; behavior_bias_used_true_block_boundaries is not uniformly False; lead records do not exactly match the strict E1 session/animal cohort; the strict E1 model cohort or method provenance is invalid
P0a_aligned_task_improves_prediction_vs_frozen,exp07,heldout_masked_mse,frozen MSE minus aligned task-plastic MSE,seed,30,30,0,0.0024310070015474325,0.0012379993876758281,0.00654866282385085,0.0024310070015474325,6.365776062011719e-05,holm(full_registered_family),support,aligned task plasticity lowers held-out prediction MSE versus a bitwise-frozen recurrent network in both L1/L2 panels,"intersection-union across separately matched L1/L2 panels; raw joint p=max(panel p) awaits full-family Holm adjustment; panel audit: l1: conclusion=support, n=30, estimate=0.0024310070015474325, CI=[0.0012379993876758281, 0.003979095880244444], raw_p=5.304813385009766e-06; l2: conclusion=support, n=30, estimate=0.004107516535009095, CI=[0.002218271399833035, 0.00654866282385085], raw_p=4.610046744346619e-06; p_value is Holm-adjusted across all 34 registered claims (raw Wilcoxon p=5.30481338501e-06); a directional bootstrap criterion can support/oppose only when Holm p<=0.05"
P0b_aligned_task_beats_shuffled,exp07,heldout_masked_mse,shuffled MSE minus aligned MSE at matched task budget,seed,30,30,0,0.001211568177126122,0.000680089378008703,0.002994505864573219,0.001211568177126122,4.4801272451877594e-05,holm(full_registered_family),support,aligned feedback lowers held-out prediction MSE versus shuffled feedback under separately exact L1 and L2 task budgets,"intersection-union across separately matched L1/L2 panels; raw joint p=max(panel p) awaits full-family Holm adjustment; panel audit: l1: conclusion=support, n=30, estimate=0.001211568177126122, CI=[0.000680089378008703, 0.0018322525995008252], raw_p=2.9867514967918396e-06; l2: conclusion=support, n=30, estimate=0.0020118299553517874, CI=[0.0011746631922471406, 0.002994505864573219], raw_p=1.6195699572563171e-06; p_value is Holm-adjusted across all 34 registered claims (raw Wilcoxon p=2.98675149679e-06); a directional bootstrap criterion can support/oppose only when Holm p<=0.05"
P0c_aligned_adds_value_over_matched_homeostasis,exp07,heldout_masked_mse,homeostasis-only MSE minus aligned task+homeostasis MSE,seed,30,30,0,0.0024354150219953246,0.001248913662966034,0.0065737887957078266,0.0024354150219953246,5.420951501730849e-05,holm(full_registered_family),support,adding aligned task plasticity improves held-out prediction over the same-budget homeostasis-only control in both panels,"intersection-union across separately matched L1/L2 panels; raw joint p=max(panel p) awaits full-family Holm adjustment; panel audit: l1: conclusion=support, n=30, estimate=0.0024354150219953246, CI=[0.001248913662966034, 0.004012353270735189], raw_p=3.997236490249634e-06; l2: conclusion=support, n=30, estimate=0.004104866967973079, CI=[0.002230666236489589, 0.0065737887957078266], raw_p=2.9867514967918396e-06; p_value is Holm-adjusted across all 34 registered claims (raw Wilcoxon p=3.99723649025e-06); a directional bootstrap criterion can support/oppose only when Holm p<=0.05"
P0d_local_absolute_accuracy,exp07,accuracy,aligned local accuracy minus 0.85,seed,30,30,0,0.05666666666666667,0.02916666666666669,0.08166666666666669,0.05666666666666667,0.0030571409704199595,holm(full_registered_family),support,absolute accuracy >=0.85 independently in both L1/L2 panels,"intersection-union across separately matched L1/L2 panels; raw joint p=max(panel p) awaits full-family Holm adjustment; panel audit: l1: conclusion=support, n=30, estimate=0.056666666666666685, CI=[0.02997916666666677, 0.08166666666666669], raw_p=0.00028261244544550504; l2: conclusion=support, n=30, estimate=0.05666666666666667, CI=[0.02916666666666669, 0.08166666666666669], raw_p=0.000305714097041996; p_value is Holm-adjusted across all 34 registered claims (raw Wilcoxon p=0.000305714097042); a directional bootstrap criterion can support/oppose only when Holm p<=0.05"
P0e_local_noninferior_tuned_bptt,exp07,accuracy,aligned local minus 90% of tuned BPTT accuracy,seed,30,30,0,0.07491666666666666,0.034581249999999994,0.11742291666666656,0.07491666666666666,0.004310593909514036,holm(full_registered_family),support,relative non-inferiority to 90% of tuned BPTT independently in both L1/L2 panels and independently of absolute accuracy,"intersection-union across separately matched L1/L2 panels; raw joint p=max(panel p) awaits full-family Holm adjustment; panel audit: l1: conclusion=support, n=30, estimate=0.07491666666666666, CI=[0.034581249999999994, 0.11733958333333325], raw_p=0.00047877202703846004; l2: conclusion=support, n=30, estimate=0.07491666666666666, CI=[0.03491250000000002, 0.11742291666666656], raw_p=0.00047895487883489285; p_value is Holm-adjusted across all 34 registered claims (raw Wilcoxon p=0.000478954878835); a directional bootstrap criterion can support/oppose only when Holm p<=0.05"
P0f_local_noninferior_tuned_gru,exp07,accuracy,aligned local minus 90% of tuned GRU accuracy,seed,30,30,0,0.05841666666666667,0.021916666666666685,0.09916874999999999,0.05841666666666667,0.026037685793363435,holm(full_registered_family),support,relative non-inferiority to 90% of tuned GRU independently in both L1/L2 panels and independently of absolute accuracy,"intersection-union across separately matched L1/L2 panels; raw joint p=max(panel p) awaits full-family Holm adjustment; panel audit: l1: conclusion=support, n=30, estimate=0.05841666666666667, CI=[0.021916666666666685, 0.09916874999999999], raw_p=0.003719669399051919; l2: conclusion=support, n=30, estimate=0.05841666666666667, CI=[0.022831250000000032, 0.09733541666666666], raw_p=0.003244611805976201; p_value is Holm-adjusted across all 34 registered claims (raw Wilcoxon p=0.00371966939905); a directional bootstrap criterion can support/oppose only when Holm p<=0.05"
P1a_masked_outer_product_identity,exp08,masked_identity_max_abs_residual,masked identity residual minus zero,seed,30,30,0,0.0,0.0,0.0,0.0,4.968532516501611e-07,holm(full_registered_family),support,M⊙uv^T equals diag(u)Mdiag(v) to <=1e-12 max residual,paired 95% bootstrap CI at the declared independent-unit level; one-sided support-margin test awaits full-family Holm adjustment; p_value is Holm-adjusted across all 34 registered claims (raw Wilcoxon p=2.16023152891e-08); a directional bootstrap criterion can support/oppose only when Holm p<=0.05
P1b_credit_tangent_respects_feedback_bound,exp08,lowdim_credit_tangent_dimension,credit tangent dimension minus feedback dimension 4,seed,30,30,0,0.0,0.0,0.0,0.0,4.968532516501611e-07,holm(full_registered_family),support,instantaneous credit tangent does not exceed feedback dimension within 0.5 numerical-dimension tolerance,paired 95% bootstrap CI at the declared independent-unit level; one-sided support-margin test awaits full-family Holm adjustment; p_value is Holm-adjusted across all 34 registered claims (raw Wilcoxon p=2.16023152891e-08); a directional bootstrap criterion can support/oppose only when Holm p<=0.05
P1c_highrank_physical_update_coexists_with_lowdim_credit,exp08,physical_minus_tangent_dimension,masked physical rank minus credit tangent dimension,seed,30,30,0,124.0,124.0,124.0,124.0,4.968532516501611e-07,holm(full_registered_family),support,masked physical numerical rank exceeds credit tangent dimension; this theoretical claim does not imply held-out task support,paired 95% bootstrap CI at the declared independent-unit level; one-sided support-margin test awaits full-family Holm adjustment; p_value is Holm-adjusted across all 34 registered claims (raw Wilcoxon p=2.16023152891e-08); a directional bootstrap criterion can support/oppose only when Holm p<=0.05
P0_overall,exp07,noninferential_stage_gate,conjunction of Holm-adjusted P0a--P0f conclusions,seed,30,30,0,,,,,,derived_after_holm(no_additional_test),support,support iff every Holm-adjusted P0a--P0f claim supports; oppose iff at least one opposes; otherwise inconclusive,non-inferential stage gate; P0a_aligned_task_improves_prediction_vs_frozen=support; P0b_aligned_task_beats_shuffled=support; P0c_aligned_adds_value_over_matched_homeostasis=support; P0d_local_absolute_accuracy=support; P0e_local_noninferior_tuned_bptt=support; P0f_local_noninferior_tuned_gru=support
P2_overall,exp09,noninferential_stage_gate,conjunction of leakage-safe Holm-adjusted P2 claims,seed,30,30,0,,,,,,derived_after_holm(no_additional_test),support,support iff every critical Holm-adjusted P2 claim supports; oppose iff at least one opposes; otherwise inconclusive,non-inferential P2 stage gate; P2b_md_context_nll=support; P2c_md_context_brier=support; P2d_md_calibration=support; P2e_md_switch_latency=support; P2f_md_false_switch=support; P2g_md_behavior=support; P2h_md_retains_oracle_gain=support; P2j_clamp_causal=support; P2k_delay_causal=support; P2l_shuffle_causal=support; strict panel issues: none
S1_exp10_hmm_context_inference,exp10_hidden_context_ei_bridge,context_nll,hmm_context_vs_no_gate,seed,30,30,0,0.2776839863118035,0.2695596812374722,0.2859629595804122,0.2776839863118035,1.6763806343078613e-08,Holm(exp10_formal_claim_family),support,Holm p<0.05 and seed-macro bootstrap CI excludes zero after equal averaging across four q/h cells,"scope=simulated_hidden_context_inference; detailed conclusion=support_simulated_hidden_context_inference; q/h-cell mean range=[0.099677, 0.454324]; frozen recurrent; separately refit base readouts; no biological-mechanism, recurrent-plasticity, or efficiency claim; protocol=3a2abc0021fe97db655430ca94986700880e898f980c0ded7e7d33f1c069ad5e; scoped raw sha256=5c2f37e12864a73e5d2202dbceb077f3caae147fa94c6ce94b3309f2656c9749; clean-run manifest sha256=b0e29f5053a37593a197832ee12adc93ccb80fb55bd65003f20f90fff67aba94; run git commit=52fdcaa1e55ae0e0510ecca553c5acf6a4358072"
S2_exp10_md_context_inference,exp10_hidden_context_ei_bridge,context_nll,md_context_vs_no_gate,seed,30,30,0,0.2582786356016426,0.245483319980159,0.2700939681781656,0.2582786356016426,1.6763806343078613e-08,Holm(exp10_formal_claim_family),support,Holm p<0.05 and seed-macro bootstrap CI excludes zero after equal averaging across four q/h cells,"scope=simulated_hidden_context_inference; detailed conclusion=support_simulated_hidden_context_inference; q/h-cell mean range=[0.0474984, 0.450007]; frozen recurrent; separately refit base readouts; no biological-mechanism, recurrent-plasticity, or efficiency claim; protocol=3a2abc0021fe97db655430ca94986700880e898f980c0ded7e7d33f1c069ad5e; scoped raw sha256=5c2f37e12864a73e5d2202dbceb077f3caae147fa94c6ce94b3309f2656c9749; clean-run manifest sha256=b0e29f5053a37593a197832ee12adc93ccb80fb55bd65003f20f90fff67aba94; run git commit=52fdcaa1e55ae0e0510ecca553c5acf6a4358072"
S3_exp10_hmm_functional_pipeline,exp10_hidden_context_ei_bridge,behavior_balanced_accuracy,hmm_behavior_vs_no_gate,seed,30,30,0,0.0999922256531295,0.0962068768446478,0.1037872142622677,0.0999922256531295,1.6763806343078613e-08,Holm(exp10_formal_claim_family),support,Holm p<0.05 and seed-macro bootstrap CI excludes zero after equal averaging across four q/h cells,"scope=separately_refit_functional_pipeline; detailed conclusion=support_functional_pipeline_formal; q/h-cell mean range=[0.0489918, 0.146146]; frozen recurrent; separately refit base readouts; no biological-mechanism, recurrent-plasticity, or efficiency claim; protocol=3a2abc0021fe97db655430ca94986700880e898f980c0ded7e7d33f1c069ad5e; scoped raw sha256=5c2f37e12864a73e5d2202dbceb077f3caae147fa94c6ce94b3309f2656c9749; clean-run manifest sha256=b0e29f5053a37593a197832ee12adc93ccb80fb55bd65003f20f90fff67aba94; run git commit=52fdcaa1e55ae0e0510ecca553c5acf6a4358072"
S4_exp10_md_functional_pipeline,exp10_hidden_context_ei_bridge,behavior_balanced_accuracy,md_behavior_vs_no_gate,seed,30,30,0,0.0963924415192954,0.0919983105770469,0.1009082058932581,0.0963924415192954,1.6763806343078613e-08,Holm(exp10_formal_claim_family),support,Holm p<0.05 and seed-macro bootstrap CI excludes zero after equal averaging across four q/h cells,"scope=separately_refit_functional_pipeline; detailed conclusion=support_functional_pipeline_formal; q/h-cell mean range=[0.0407393, 0.145414]; frozen recurrent; separately refit base readouts; no biological-mechanism, recurrent-plasticity, or efficiency claim; protocol=3a2abc0021fe97db655430ca94986700880e898f980c0ded7e7d33f1c069ad5e; scoped raw sha256=5c2f37e12864a73e5d2202dbceb077f3caae147fa94c6ce94b3309f2656c9749; clean-run manifest sha256=b0e29f5053a37593a197832ee12adc93ccb80fb55bd65003f20f90fff67aba94; run git commit=52fdcaa1e55ae0e0510ecca553c5acf6a4358072"
S5_exp10_md_retains_oracle_gain,exp10_hidden_context_ei_bridge,behavior_balanced_accuracy,md_retains_90pct_oracle_gain,seed,30,30,0,0.0057023188500743,0.0034345989470418,0.007812955793022,0.0057023188500743,4.4075772166252136e-05,Holm(exp10_formal_claim_family),support,Holm p<0.05 and seed-macro bootstrap CI excludes zero after equal averaging across four q/h cells,"scope=separately_refit_noninferiority_margin; detailed conclusion=support_macro_average_90pct_oracle_gain_margin; q/h-cell mean range=[-0.00607921, 0.0131486]; frozen recurrent; separately refit base readouts; no biological-mechanism, recurrent-plasticity, or efficiency claim; protocol=3a2abc0021fe97db655430ca94986700880e898f980c0ded7e7d33f1c069ad5e; scoped raw sha256=5c2f37e12864a73e5d2202dbceb077f3caae147fa94c6ce94b3309f2656c9749; clean-run manifest sha256=b0e29f5053a37593a197832ee12adc93ccb80fb55bd65003f20f90fff67aba94; run git commit=52fdcaa1e55ae0e0510ecca553c5acf6a4358072"
S6_exp10_md_clamp_counterfactual,exp10_hidden_context_ei_bridge,behavior_balanced_accuracy,md_vs_clamp,seed,30,30,0,0.0898984276033477,0.0866246495985543,0.093371900174533,0.0898984276033477,1.6763806343078613e-08,Holm(exp10_formal_claim_family),support,Holm p<0.05 and seed-macro bootstrap CI excludes zero after equal averaging across four q/h cells,"scope=fixed_checkpoint_within_model_counterfactual; detailed conclusion=support_within_model_counterfactual; q/h-cell mean range=[0.0361962, 0.138036]; frozen recurrent; separately refit base readouts; no biological-mechanism, recurrent-plasticity, or efficiency claim; protocol=3a2abc0021fe97db655430ca94986700880e898f980c0ded7e7d33f1c069ad5e; scoped raw sha256=5c2f37e12864a73e5d2202dbceb077f3caae147fa94c6ce94b3309f2656c9749; clean-run manifest sha256=b0e29f5053a37593a197832ee12adc93ccb80fb55bd65003f20f90fff67aba94; run git commit=52fdcaa1e55ae0e0510ecca553c5acf6a4358072"
S7_exp10_md_delay_counterfactual,exp10_hidden_context_ei_bridge,behavior_balanced_accuracy,md_vs_delay,seed,30,30,0,0.0222628342875176,0.0198554313047031,0.0247210786105544,0.0222628342875176,1.6763806343078613e-08,Holm(exp10_formal_claim_family),support,Holm p<0.05 and seed-macro bootstrap CI excludes zero after equal averaging across four q/h cells,"scope=fixed_checkpoint_within_model_counterfactual; detailed conclusion=support_within_model_counterfactual; q/h-cell mean range=[0.00731382, 0.0490158]; frozen recurrent; separately refit base readouts; no biological-mechanism, recurrent-plasticity, or efficiency claim; protocol=3a2abc0021fe97db655430ca94986700880e898f980c0ded7e7d33f1c069ad5e; scoped raw sha256=5c2f37e12864a73e5d2202dbceb077f3caae147fa94c6ce94b3309f2656c9749; clean-run manifest sha256=b0e29f5053a37593a197832ee12adc93ccb80fb55bd65003f20f90fff67aba94; run git commit=52fdcaa1e55ae0e0510ecca553c5acf6a4358072"
S8_exp10_md_shuffle_counterfactual,exp10_hidden_context_ei_bridge,behavior_balanced_accuracy,md_vs_shuffle,seed,30,30,0,0.0992314008895789,0.0942452680276149,0.1045381743786654,0.0992314008895789,1.6763806343078613e-08,Holm(exp10_formal_claim_family),support,Holm p<0.05 and seed-macro bootstrap CI excludes zero after equal averaging across four q/h cells,"scope=fixed_checkpoint_within_model_counterfactual; detailed conclusion=support_within_model_counterfactual; q/h-cell mean range=[0.0401489, 0.150213]; frozen recurrent; separately refit base readouts; no biological-mechanism, recurrent-plasticity, or efficiency claim; protocol=3a2abc0021fe97db655430ca94986700880e898f980c0ded7e7d33f1c069ad5e; scoped raw sha256=5c2f37e12864a73e5d2202dbceb077f3caae147fa94c6ce94b3309f2656c9749; clean-run manifest sha256=b0e29f5053a37593a197832ee12adc93ccb80fb55bd65003f20f90fff67aba94; run git commit=52fdcaa1e55ae0e0510ecca553c5acf6a4358072"
R1_ibl_hmm_context_inference,exp11_ibl_behavior_belief,context_nll,no_memory minus learned_categorical_hmm (positive is better),animal (session nested),30,30,0,0.3768111305063217,0.3313357025885302,0.4177533301199651,0.3768111305063217,1.4901161193847656e-08,Holm(exp11_behavior_claim_family),support,complete planned cohort plus Holm p<0.05 and animal-primary hierarchical CI excluding zero,IBL trial-table behavior only; no neural activity or shared neural dynamics; planned/paired sessions=30/30; invalid HMM fits=0; latest run status=complete; source run id=c9ed2f4f-52bb-4f84-abb0-df5321d10e07; cohort manifest sha256=112c84ad93eee49186ab117343ebebb4921d2f1bcea57a9c9326ca38d337a0e6; scoped raw sha256=49b9ac6b8a48a7824cdf7288d878e6353fbb0e574b065b9bf46aad828730e67a
R2_ibl_history_context_inference,exp11_ibl_behavior_belief,context_nll,no_memory minus exponential_history (positive is better),animal (session nested),30,30,0,-0.5648789635884814,-0.7771728651113434,-0.3783612536826461,-0.5648789635884814,2.4978071451187134e-06,Holm(exp11_behavior_claim_family),oppose,complete planned cohort plus Holm p<0.05 and animal-primary hierarchical CI excluding zero,IBL trial-table behavior only; no neural activity or shared neural dynamics; planned/paired sessions=30/30; invalid HMM fits=0; latest run status=complete; source run id=c9ed2f4f-52bb-4f84-abb0-df5321d10e07; cohort manifest sha256=112c84ad93eee49186ab117343ebebb4921d2f1bcea57a9c9326ca38d337a0e6; scoped raw sha256=49b9ac6b8a48a7824cdf7288d878e6353fbb0e574b065b9bf46aad828730e67a
R3_ibl_hmm_behavior_prediction,exp11_ibl_behavior_belief,behavior_log_loss,no_memory minus learned_categorical_hmm (positive is better),animal (session nested),30,30,0,-0.001087076567143,-0.0032754264643917,0.0007698811021384,-0.001087076567143,0.9838335812091829,Holm(exp11_behavior_claim_family),inconclusive,complete planned cohort plus Holm p<0.05 and animal-primary hierarchical CI excluding zero,IBL trial-table behavior only; no neural activity or shared neural dynamics; planned/paired sessions=30/30; invalid HMM fits=0; latest run status=complete; source run id=c9ed2f4f-52bb-4f84-abb0-df5321d10e07; cohort manifest sha256=112c84ad93eee49186ab117343ebebb4921d2f1bcea57a9c9326ca38d337a0e6; scoped raw sha256=49b9ac6b8a48a7824cdf7288d878e6353fbb0e574b065b9bf46aad828730e67a
R4_ibl_history_behavior_prediction,exp11_ibl_behavior_belief,behavior_log_loss,no_memory minus exponential_history (positive is better),animal (session nested),30,30,0,-0.0037526773209713,-0.0072401757320398,-0.0007729757202212,-0.0037526773209713,0.280566081404686,Holm(exp11_behavior_claim_family),inconclusive,complete planned cohort plus Holm p<0.05 and animal-primary hierarchical CI excluding zero,IBL trial-table behavior only; no neural activity or shared neural dynamics; planned/paired sessions=30/30; invalid HMM fits=0; latest run status=complete; source run id=c9ed2f4f-52bb-4f84-abb0-df5321d10e07; cohort manifest sha256=112c84ad93eee49186ab117343ebebb4921d2f1bcea57a9c9326ca38d337a0e6; scoped raw sha256=49b9ac6b8a48a7824cdf7288d878e6353fbb0e574b065b9bf46aad828730e67a
T1_arc_hierarchical_vs_flat,exp13_structured_reasoning,exact_task_accuracy,hierarchical_local minus flat_local,ARC dependency component (seed nested),399,399,0,1.7390711538614606e-20,-0.000250626566416,0.000250626566416,1.7390711538614606e-20,1.0,Holm(exp13_ARC_registered_family),inconclusive,registered OOD split and candidate coverage gate plus Holm p<0.05 and task-component bootstrap CI excluding zero,"Hybrid selector over one shared, target-free proposal library only; no neural/biological claim and no end-to-end efficiency claim; selector-level parameters hierarchical_local=1673 total/41 trainable, flat_local=1657 total/25 trainable; test_split_role=ood; 30 seeds; coverage=0.0125 vs required 0.9000; revision=399030444e0ab0cc8b4e199870fb20b863846f34; clean commit=4f77d1abee9f6213638a65c1e4c4525fcee83f1a; raw sha256=0865d15177be359194b454ca8c94620df34e3ddf449b096b5e796847e0533b4d; run manifest sha256=7e46d4e0b62106e20b047f89ea25903619806f738683fc1be38d6ae4a87e8ead"
T2_arc_trace_vs_flat,exp13_structured_reasoning,exact_task_accuracy,trace_local minus flat_local,ARC dependency component (seed nested),399,399,0,0.0004177109440267,0.0,0.0010860484544695,0.0004177109440267,1.0,Holm(exp13_ARC_registered_family),inconclusive,registered OOD split and candidate coverage gate plus Holm p<0.05 and task-component bootstrap CI excluding zero,"Hybrid selector over one shared, target-free proposal library only; no neural/biological claim and no end-to-end efficiency claim; selector-level parameters trace_local=1681 total/49 trainable, flat_local=1657 total/25 trainable; test_split_role=ood; 30 seeds; coverage=0.0125 vs required 0.9000; revision=399030444e0ab0cc8b4e199870fb20b863846f34; clean commit=4f77d1abee9f6213638a65c1e4c4525fcee83f1a; raw sha256=0865d15177be359194b454ca8c94620df34e3ddf449b096b5e796847e0533b4d; run manifest sha256=7e46d4e0b62106e20b047f89ea25903619806f738683fc1be38d6ae4a87e8ead"
T3_arc_hierarchical_vs_heuristic,exp13_structured_reasoning,exact_task_accuracy,hierarchical_local minus support_heuristic,ARC dependency component (seed nested),399,399,0,-0.0020050125313283,-0.0070175438596491,0.0010025062656641,-0.0020050125313283,1.0,Holm(exp13_ARC_registered_family),inconclusive,registered OOD split and candidate coverage gate plus Holm p<0.05 and task-component bootstrap CI excluding zero,"Hybrid selector over one shared, target-free proposal library only; no neural/biological claim and no end-to-end efficiency claim; selector-level parameters hierarchical_local=1673 total/41 trainable, support_heuristic=0 total/0 trainable; test_split_role=ood; 30 seeds; coverage=0.0125 vs required 0.9000; revision=399030444e0ab0cc8b4e199870fb20b863846f34; clean commit=4f77d1abee9f6213638a65c1e4c4525fcee83f1a; raw sha256=0865d15177be359194b454ca8c94620df34e3ddf449b096b5e796847e0533b4d; run manifest sha256=7e46d4e0b62106e20b047f89ea25903619806f738683fc1be38d6ae4a87e8ead"
T4_arc_hierarchical_vs_gru,exp13_structured_reasoning,exact_task_accuracy,hierarchical_local minus gru_bptt,ARC dependency component (seed nested),399,399,0,-0.0020050125313283,-0.0070175438596491,0.0010025062656641,-0.0020050125313283,1.0,Holm(exp13_ARC_registered_family),inconclusive,registered OOD split and candidate coverage gate plus Holm p<0.05 and task-component bootstrap CI excluding zero,"Hybrid selector over one shared, target-free proposal library only; no neural/biological claim and no end-to-end efficiency claim; selector-level parameters hierarchical_local=1673 total/41 trainable, gru_bptt=1841 total/1841 trainable; test_split_role=ood; 30 seeds; coverage=0.0125 vs required 0.9000; revision=399030444e0ab0cc8b4e199870fb20b863846f34; clean commit=4f77d1abee9f6213638a65c1e4c4525fcee83f1a; raw sha256=0865d15177be359194b454ca8c94620df34e3ddf449b096b5e796847e0533b4d; run manifest sha256=7e46d4e0b62106e20b047f89ea25903619806f738683fc1be38d6ae4a87e8ead"
T5_arc_hierarchical_90pct_gru,exp13_structured_reasoning,exact_task_accuracy,hierarchical_local minus 0.9 times gru_bptt,ARC dependency component (seed nested),399,399,0,-0.0015037593984962,-0.006265664160401,0.0012531328320802,-0.0015037593984962,1.0,Holm(exp13_ARC_registered_family),inconclusive,registered OOD split and candidate coverage gate plus Holm p<0.05 and task-component bootstrap CI excluding zero for the candidate - 0.9*reference non-inferiority margin,"Hybrid selector over one shared, target-free proposal library only; no neural/biological claim and no end-to-end efficiency claim; selector-level parameters hierarchical_local=1673 total/41 trainable, gru_bptt=1841 total/1841 trainable; test_split_role=ood; 30 seeds; coverage=0.0125 vs required 0.9000; revision=399030444e0ab0cc8b4e199870fb20b863846f34; clean commit=4f77d1abee9f6213638a65c1e4c4525fcee83f1a; raw sha256=0865d15177be359194b454ca8c94620df34e3ddf449b096b5e796847e0533b4d; run manifest sha256=7e46d4e0b62106e20b047f89ea25903619806f738683fc1be38d6ae4a87e8ead"
T6_arc_trace_increment,exp13_structured_reasoning,exact_task_accuracy,trace_local minus hierarchical_local,ARC dependency component (seed nested),399,399,0,0.0004177109440267,0.0,0.0010860484544695,0.0004177109440267,1.0,Holm(exp13_ARC_registered_family),inconclusive,registered OOD split and candidate coverage gate plus Holm p<0.05 and task-component bootstrap CI excluding zero,"Hybrid selector over one shared, target-free proposal library only; no neural/biological claim and no end-to-end efficiency claim; selector-level parameters trace_local=1681 total/49 trainable, hierarchical_local=1673 total/41 trainable; test_split_role=ood; 30 seeds; coverage=0.0125 vs required 0.9000; revision=399030444e0ab0cc8b4e199870fb20b863846f34; clean commit=4f77d1abee9f6213638a65c1e4c4525fcee83f1a; raw sha256=0865d15177be359194b454ca8c94620df34e3ddf449b096b5e796847e0533b4d; run manifest sha256=7e46d4e0b62106e20b047f89ea25903619806f738683fc1be38d6ae4a87e8ead"
M1_maze_hierarchical_vs_flat,exp13_structured_reasoning_maze,exact_task_accuracy,hierarchical_local minus flat_local,maze dependency component (seed nested),18,18,0,-0.0037037037037037,-0.0203703703703703,0.0074074074074074,-0.0037037037037037,1.0,Holm(exp13_maze_registered_family),inconclusive,registered OOD split and candidate coverage gate plus Holm p<0.05 and task-component bootstrap CI excluding zero,"Hybrid selector over one shared, target-free proposal library only; no neural/biological claim and no end-to-end efficiency claim; selector-level parameters hierarchical_local=1673 total/41 trainable, flat_local=1657 total/25 trainable; test_split_role=ood; 30 seeds; coverage=1.0000 vs required 0.9000; revision=a71a2d1e0931c79f74cd91c5accd13f164d34c73; clean commit=8fba6178e8de0a3a11d3e3dee985d7d3efd6a83d; raw sha256=ce270abdeff30be94f152d575ec05d26d46c49dc8755c3bdea3cb85bb46875f2; run manifest sha256=44dedd8c58237d7624e4a7c34ac22260d20fdca88454b75ded8bd42f30a56022"
M2_maze_trace_vs_flat,exp13_structured_reasoning_maze,exact_task_accuracy,trace_local minus flat_local,maze dependency component (seed nested),18,18,0,-0.0055555555555555,-0.0222222222222222,0.0055555555555555,-0.0055555555555555,1.0,Holm(exp13_maze_registered_family),inconclusive,registered OOD split and candidate coverage gate plus Holm p<0.05 and task-component bootstrap CI excluding zero,"Hybrid selector over one shared, target-free proposal library only; no neural/biological claim and no end-to-end efficiency claim; selector-level parameters trace_local=1681 total/49 trainable, flat_local=1657 total/25 trainable; test_split_role=ood; 30 seeds; coverage=1.0000 vs required 0.9000; revision=a71a2d1e0931c79f74cd91c5accd13f164d34c73; clean commit=8fba6178e8de0a3a11d3e3dee985d7d3efd6a83d; raw sha256=ce270abdeff30be94f152d575ec05d26d46c49dc8755c3bdea3cb85bb46875f2; run manifest sha256=44dedd8c58237d7624e4a7c34ac22260d20fdca88454b75ded8bd42f30a56022"
M3_maze_hierarchical_vs_heuristic,exp13_structured_reasoning_maze,exact_task_accuracy,hierarchical_local minus support_heuristic,maze dependency component (seed nested),18,18,0,0.1018518518518518,0.0,0.2574074074074073,0.1018518518518518,0.8985624743949988,Holm(exp13_maze_registered_family),inconclusive,registered OOD split and candidate coverage gate plus Holm p<0.05 and task-component bootstrap CI excluding zero,"Hybrid selector over one shared, target-free proposal library only; no neural/biological claim and no end-to-end efficiency claim; selector-level parameters hierarchical_local=1673 total/41 trainable, support_heuristic=0 total/0 trainable; test_split_role=ood; 30 seeds; coverage=1.0000 vs required 0.9000; revision=a71a2d1e0931c79f74cd91c5accd13f164d34c73; clean commit=8fba6178e8de0a3a11d3e3dee985d7d3efd6a83d; raw sha256=ce270abdeff30be94f152d575ec05d26d46c49dc8755c3bdea3cb85bb46875f2; run manifest sha256=44dedd8c58237d7624e4a7c34ac22260d20fdca88454b75ded8bd42f30a56022"
M4_maze_hierarchical_vs_gru,exp13_structured_reasoning_maze,exact_task_accuracy,hierarchical_local minus gru_bptt,maze dependency component (seed nested),18,18,0,-0.0092592592592592,-0.0259259259259259,0.0,-0.0092592592592592,0.8985624743949988,Holm(exp13_maze_registered_family),inconclusive,registered OOD split and candidate coverage gate plus Holm p<0.05 and task-component bootstrap CI excluding zero,"Hybrid selector over one shared, target-free proposal library only; no neural/biological claim and no end-to-end efficiency claim; selector-level parameters hierarchical_local=1673 total/41 trainable, gru_bptt=1841 total/1841 trainable; test_split_role=ood; 30 seeds; coverage=1.0000 vs required 0.9000; revision=a71a2d1e0931c79f74cd91c5accd13f164d34c73; clean commit=8fba6178e8de0a3a11d3e3dee985d7d3efd6a83d; raw sha256=ce270abdeff30be94f152d575ec05d26d46c49dc8755c3bdea3cb85bb46875f2; run manifest sha256=44dedd8c58237d7624e4a7c34ac22260d20fdca88454b75ded8bd42f30a56022"
M5_maze_hierarchical_90pct_gru,exp13_structured_reasoning_maze,exact_task_accuracy,hierarchical_local minus 0.9 times gru_bptt,maze dependency component (seed nested),18,18,0,0.0907407407407407,0.074074074074074,0.0999999999999999,0.0907407407407407,0.0003519875102986,Holm(exp13_maze_registered_family),support,registered OOD split and candidate coverage gate plus Holm p<0.05 and task-component bootstrap CI excluding zero for the candidate - 0.9*reference non-inferiority margin,"Hybrid selector over one shared, target-free proposal library only; no neural/biological claim and no end-to-end efficiency claim; selector-level parameters hierarchical_local=1673 total/41 trainable, gru_bptt=1841 total/1841 trainable; test_split_role=ood; 30 seeds; coverage=1.0000 vs required 0.9000; revision=a71a2d1e0931c79f74cd91c5accd13f164d34c73; clean commit=8fba6178e8de0a3a11d3e3dee985d7d3efd6a83d; raw sha256=ce270abdeff30be94f152d575ec05d26d46c49dc8755c3bdea3cb85bb46875f2; run manifest sha256=44dedd8c58237d7624e4a7c34ac22260d20fdca88454b75ded8bd42f30a56022"
M6_maze_trace_increment,exp13_structured_reasoning_maze,exact_task_accuracy,trace_local minus hierarchical_local,maze dependency component (seed nested),18,18,0,-0.0018518518518518,-0.0055555555555555,0.0,-0.0018518518518518,0.9519315235887424,Holm(exp13_maze_registered_family),inconclusive,registered OOD split and candidate coverage gate plus Holm p<0.05 and task-component bootstrap CI excluding zero,"Hybrid selector over one shared, target-free proposal library only; no neural/biological claim and no end-to-end efficiency claim; selector-level parameters trace_local=1681 total/49 trainable, hierarchical_local=1673 total/41 trainable; test_split_role=ood; 30 seeds; coverage=1.0000 vs required 0.9000; revision=a71a2d1e0931c79f74cd91c5accd13f164d34c73; clean commit=8fba6178e8de0a3a11d3e3dee985d7d3efd6a83d; raw sha256=ce270abdeff30be94f152d575ec05d26d46c49dc8755c3bdea3cb85bb46875f2; run manifest sha256=44dedd8c58237d7624e4a7c34ac22260d20fdca88454b75ded8bd42f30a56022"
N1_sudoku_hierarchical_vs_flat,exp13_structured_reasoning_sudoku,exact_task_accuracy,hierarchical_local minus flat_local,Sudoku dependency component (seed nested),28,28,0,0.0,0.0,0.0,0.0,1.0,Holm(exp13_sudoku_registered_family),inconclusive,registered OOD split and candidate coverage gate plus Holm p<0.05 and task-component bootstrap CI excluding zero,"Hybrid selector over one shared, target-free proposal library only; no neural/biological claim and no end-to-end efficiency claim; selector-level parameters hierarchical_local=1673 total/41 trainable, flat_local=1657 total/25 trainable; test_split_role=non_ood; 30 seeds; coverage=1.0000 vs required 0.9000; revision=0db6de036b80b4e8e4574abe6e15026331bd5c2c; clean commit=8fba6178e8de0a3a11d3e3dee985d7d3efd6a83d; raw sha256=f37abb5bf569b28a9d715d1b3eb935c069d95739d04819ff49e198755ef0c648; run manifest sha256=9535115f78f30f400502f1b6827ba6b96225d3cbcfb0bcdd39338ef0b0c94b3b"
N2_sudoku_trace_vs_flat,exp13_structured_reasoning_sudoku,exact_task_accuracy,trace_local minus flat_local,Sudoku dependency component (seed nested),28,28,0,0.0,0.0,0.0,0.0,1.0,Holm(exp13_sudoku_registered_family),inconclusive,registered OOD split and candidate coverage gate plus Holm p<0.05 and task-component bootstrap CI excluding zero,"Hybrid selector over one shared, target-free proposal library only; no neural/biological claim and no end-to-end efficiency claim; selector-level parameters trace_local=1681 total/49 trainable, flat_local=1657 total/25 trainable; test_split_role=non_ood; 30 seeds; coverage=1.0000 vs required 0.9000; revision=0db6de036b80b4e8e4574abe6e15026331bd5c2c; clean commit=8fba6178e8de0a3a11d3e3dee985d7d3efd6a83d; raw sha256=f37abb5bf569b28a9d715d1b3eb935c069d95739d04819ff49e198755ef0c648; run manifest sha256=9535115f78f30f400502f1b6827ba6b96225d3cbcfb0bcdd39338ef0b0c94b3b"
N3_sudoku_hierarchical_vs_heuristic,exp13_structured_reasoning_sudoku,exact_task_accuracy,hierarchical_local minus support_heuristic,Sudoku dependency component (seed nested),28,28,0,0.0,0.0,0.0,0.0,1.0,Holm(exp13_sudoku_registered_family),inconclusive,registered OOD split and candidate coverage gate plus Holm p<0.05 and task-component bootstrap CI excluding zero,"Hybrid selector over one shared, target-free proposal library only; no neural/biological claim and no end-to-end efficiency claim; selector-level parameters hierarchical_local=1673 total/41 trainable, support_heuristic=0 total/0 trainable; test_split_role=non_ood; 30 seeds; coverage=1.0000 vs required 0.9000; revision=0db6de036b80b4e8e4574abe6e15026331bd5c2c; clean commit=8fba6178e8de0a3a11d3e3dee985d7d3efd6a83d; raw sha256=f37abb5bf569b28a9d715d1b3eb935c069d95739d04819ff49e198755ef0c648; run manifest sha256=9535115f78f30f400502f1b6827ba6b96225d3cbcfb0bcdd39338ef0b0c94b3b"
N4_sudoku_hierarchical_vs_gru,exp13_structured_reasoning_sudoku,exact_task_accuracy,hierarchical_local minus gru_bptt,Sudoku dependency component (seed nested),28,28,0,0.0,0.0,0.0,0.0,1.0,Holm(exp13_sudoku_registered_family),inconclusive,registered OOD split and candidate coverage gate plus Holm p<0.05 and task-component bootstrap CI excluding zero,"Hybrid selector over one shared, target-free proposal library only; no neural/biological claim and no end-to-end efficiency claim; selector-level parameters hierarchical_local=1673 total/41 trainable, gru_bptt=1841 total/1841 trainable; test_split_role=non_ood; 30 seeds; coverage=1.0000 vs required 0.9000; revision=0db6de036b80b4e8e4574abe6e15026331bd5c2c; clean commit=8fba6178e8de0a3a11d3e3dee985d7d3efd6a83d; raw sha256=f37abb5bf569b28a9d715d1b3eb935c069d95739d04819ff49e198755ef0c648; run manifest sha256=9535115f78f30f400502f1b6827ba6b96225d3cbcfb0bcdd39338ef0b0c94b3b"
N5_sudoku_hierarchical_90pct_gru,exp13_structured_reasoning_sudoku,exact_task_accuracy,hierarchical_local minus 0.9 times gru_bptt,Sudoku dependency component (seed nested),28,28,0,0.0999999999999999,0.0999999999999999,0.0999999999999999,0.0999999999999999,7.278927050196412e-07,Holm(exp13_sudoku_registered_family),inconclusive,registered OOD split and candidate coverage gate plus Holm p<0.05 and task-component bootstrap CI excluding zero for the candidate - 0.9*reference non-inferiority margin,"Hybrid selector over one shared, target-free proposal library only; no neural/biological claim and no end-to-end efficiency claim; selector-level parameters hierarchical_local=1673 total/41 trainable, gru_bptt=1841 total/1841 trainable; test_split_role=non_ood; 30 seeds; coverage=1.0000 vs required 0.9000; revision=0db6de036b80b4e8e4574abe6e15026331bd5c2c; clean commit=8fba6178e8de0a3a11d3e3dee985d7d3efd6a83d; raw sha256=f37abb5bf569b28a9d715d1b3eb935c069d95739d04819ff49e198755ef0c648; run manifest sha256=9535115f78f30f400502f1b6827ba6b96225d3cbcfb0bcdd39338ef0b0c94b3b"
N6_sudoku_trace_increment,exp13_structured_reasoning_sudoku,exact_task_accuracy,trace_local minus hierarchical_local,Sudoku dependency component (seed nested),28,28,0,0.0,0.0,0.0,0.0,1.0,Holm(exp13_sudoku_registered_family),inconclusive,registered OOD split and candidate coverage gate plus Holm p<0.05 and task-component bootstrap CI excluding zero,"Hybrid selector over one shared, target-free proposal library only; no neural/biological claim and no end-to-end efficiency claim; selector-level parameters trace_local=1681 total/49 trainable, hierarchical_local=1673 total/41 trainable; test_split_role=non_ood; 30 seeds; coverage=1.0000 vs required 0.9000; revision=0db6de036b80b4e8e4574abe6e15026331bd5c2c; clean commit=8fba6178e8de0a3a11d3e3dee985d7d3efd6a83d; raw sha256=f37abb5bf569b28a9d715d1b3eb935c069d95739d04819ff49e198755ef0c648; run manifest sha256=9535115f78f30f400502f1b6827ba6b96225d3cbcfb0bcdd39338ef0b0c94b3b"
U1_ibl_shared_neural_dynamics,exp14_ibl_multisession_neural,shared_vs_common_nll_gain,common minus shared NLL/count (positive favors shared),animal with sessions nested,20,20,0,-0.000995344949038,-0.0030614550712494,0.0001569222646935,-0.000995344949038,1.0,Holm(exp14_registered_comparison_family),inconclusive,registered stimulus-pre/past-safe panel; >=20 complete sessions and >=5 animals; Holm-significant shared>common; shared retains >=90% of significant full gain; fewer parameters,"One-step conditional Poisson likelihood, not a full latent LDS; sessions nested within animals; sensitivity views cannot update this claim; compact manifest sha256=a5acb134ae4b34f47db150948a7f7ab58e8eb85e204fb981e0ca744eba328a09; compact bundle sha256=f6cd351717986ede771a6bbbe755edeb3c30ef4bda48e86c8471bcf4364a41a4; registered formal JSON sha256=7717227beca59f6a39286a5bfc6ded10ed7b0896ce6f49409542f1743bf79680; portable formal-config sha256=106b99b861b0de82bfd020c23881e14a861b09ddc50f70752badb56b7a104913; macro mapping exp14_allen_macro_region_mapping_v1 sha256=3bac702ed6b3ee5c21acbbfd929b077baa63226369ca8e1bef0b6faeb487fc23; ontology/provenance sha256=63654b8d35c7c1b5665636b645da774776ee8263658192f5dca1e815095e9147/a01b7fa535e6de437ac46e8cf9de68a87d6a9b5587d055a3935476d956109fdc; mapping compact scope=a5acb134ae4b34f47db150948a7f7ab58e8eb85e204fb981e0ca744eba328a09; acronym count/hash=168/53c5a0cb3591749aad8fc2848b2627dfe93a4a747fa391e4ec68094211b8369b; shared/full/retention Holm p=1/1/1; classification trigger=none; raw sha256=8c14068e5855dc16fe3039ac86465fe9588ccda697b86bfce4340364f6de0ccd; clean commit=b68a1e7638636811116bb352330fb4a1fe2d5a75"
V1_exp15_arc_slow_fast_vs_flat,exp15_task_specialized_reasoning,exact_task_accuracy,slow/fast belief minus flat matched selector,ARC task/source group,399,399,0,0.0,0.0,0.0,0.0,1.0,Holm(exp15_ARC_one_registered_comparison),inconclusive,"verified OOD source, identical candidates, matched charged compute, >=90% candidate coverage, paired CI and Holm p<0.05","Task-specialized finite-program selector only; no neural or biological claim; slow/fast and flat exact accuracy=0.00250627/0.00250627; coverage=0.01253133 vs required 0.9000; compute is an audited abstract operation proxy, not FLOPs/time/energy; source manifest=76e2360f6673093730676345fd3db8bf289be3f58179c002980a4e91ae0d9cda; clean commit=cbec277503d02844729d8fea5648a9e34e2ce44b; raw sha256=2353bf280aa5ded0fd3c1d202fe5eedf796c0de07091afffa4db0178548c9fcf"
E19_00_heldout_behavior_fixed_checkpoint,exp19_belief_ei_effective_dynamics,heldout_behavior_fixed_checkpoint,md_combined_intact_vs_md_combined_clamp,seed,30,30,0,0.1712964583915278,0.1634090225123865,0.1789094672800142,0.1712964583915278,1.30385160446167e-08,exp19_paired_behavior_wilcoxon,support,0.0,heldout task behavior; fixed intact readout/dynamics checkpoints
E19_01_heldout_behavior_fixed_checkpoint,exp19_belief_ei_effective_dynamics,heldout_behavior_fixed_checkpoint,md_combined_intact_vs_md_combined_delay,seed,30,30,0,0.0199545345369851,0.0151775606050267,0.0248686780936364,0.0199545345369851,8.009374141693115e-08,exp19_paired_behavior_wilcoxon,support,0.0,heldout task behavior; fixed intact readout/dynamics checkpoints
E19_02_heldout_behavior_fixed_checkpoint,exp19_belief_ei_effective_dynamics,heldout_behavior_fixed_checkpoint,md_combined_intact_vs_md_combined_shuffle,seed,30,30,0,0.1665348787852916,0.152186166077573,0.1816602205961411,0.1665348787852916,1.30385160446167e-08,exp19_paired_behavior_wilcoxon,support,0.0,heldout task behavior; fixed intact readout/dynamics checkpoints
E19_03_heldout_behavior_fixed_checkpoint,exp19_belief_ei_effective_dynamics,heldout_behavior_fixed_checkpoint,md_combined_intact_vs_md_population_only,seed,30,30,0,0.1804585898775704,0.16453323038856,0.1965824518720402,0.1804585898775704,1.30385160446167e-08,exp19_paired_behavior_wilcoxon,support,0.0,architectural ablation with fixed intact checkpoints; not input-charge-matched for pathway-specific causal attribution
E19_04_heldout_behavior_fixed_checkpoint,exp19_belief_ei_effective_dynamics,heldout_behavior_fixed_checkpoint,md_combined_intact_vs_md_pathway_only,seed,30,30,0,0.1105499590133952,0.0908746904666297,0.1320933279587134,0.1105499590133952,1.30385160446167e-08,exp19_paired_behavior_wilcoxon,support,0.0,heldout task behavior; fixed intact readout/dynamics checkpoints
E19_05_heldout_behavior_fixed_checkpoint,exp19_belief_ei_effective_dynamics,heldout_behavior_fixed_checkpoint,md_combined_intact_vs_md_disconnected,seed,30,30,0,0.2185127830166398,0.2063011188541542,0.2312767241617229,0.2185127830166398,1.30385160446167e-08,exp19_paired_behavior_wilcoxon,support,0.0,architectural ablation with fixed intact checkpoints; not input-charge-matched for pathway-specific causal attribution
E19_06_separate_train_only_baseline,exp19_belief_ei_effective_dynamics,separate_train_only_baseline,md_combined_intact_vs_direct_evidence_mix,seed,30,30,0,-0.0420873269204947,-0.0489610298868292,-0.0357384998957349,-0.0420873269204947,1.30385160446167e-08,exp19_paired_behavior_wilcoxon,oppose,0.0,heldout task behavior; separately train-fitted scalar ridge baseline
E19_07_high_rank_dale_physical_background,exp19_belief_ei_effective_dynamics,high_rank_dale_physical_background,registered_threshold_audit,seed,30,30,0,1.0,,,1.0,,none_registered_threshold,support,rank_fraction>=0.9; Dale_valid=true for every seed,physical recurrent matrix only; descriptive mechanism audit
E19_08_filtered_gate_moment_anchor_identifiability,exp19_belief_ei_effective_dynamics,filtered_gate_moment_anchor_identifiability,registered_threshold_audit,seed,30,30,0,1.0,,,1.0,,none_registered_threshold,support,identifiable_seed_fraction>=0.9,training-cue moment-anchor identifiability; no hidden-state labels used
E19_09_scalar_effective_control,exp19_belief_ei_effective_dynamics,scalar_effective_control,registered_threshold_audit,seed,30,30,0,1.395682905200155,,,1.395682905200155,,none_registered_threshold,support,declared=effective=empirical=operator dimension=1; operator_delta_frobenius_norm>=1e-08 every seed,nonzero scalar control/operator family; behavior benefit is a separate paired-seed claim
E19_10_coarse_shared_dynamics_closure,exp19_belief_ei_effective_dynamics,coarse_shared_dynamics_closure,registered_threshold_audit,seed,30,30,0,0.6347635020424369,,,0.6347635020424369,,none_registered_threshold,support,closure<1.0; basis_residual<0.5 for every seed,three-epoch mean-rate soft-operator surrogate; explicitly not a full LDS
E19_11_local_normal_perturbation_decay,exp19_belief_ei_effective_dynamics,local_normal_perturbation_decay,registered_threshold_audit,seed,30,30,0,0.5666666666666667,,,0.5666666666666667,,none_registered_threshold,oppose,eligible_fraction>=0.9; decay<1.0; max_real_part<0.0,local linearization at intact training mean state only
E20_00_belief_condition_neural_prediction,exp20_ibl_md_belief_dynamics,belief_condition_neural_prediction,md_shared_vs_common,animal_with_session_nested,20,20,0,-4.175279188634029e-06,-0.0001603544616615,0.0001248712668643,-4.175279188634029e-06,1.0,Holm(exp20_belief_condition_family),inconclusive,comparator_nll_per_count_minus_md_shared_nll_per_count,teacher-forced one-step conditional Poisson prediction
E20_01_belief_condition_neural_prediction,exp20_ibl_md_belief_dynamics,belief_condition_neural_prediction,md_shared_vs_hmm_shared,animal_with_session_nested,20,20,0,-3.600151883663138e-05,-8.519520754405597e-05,7.956944796679004e-06,-3.600151883663138e-05,0.744,Holm(exp20_belief_condition_family),inconclusive,comparator_nll_per_count_minus_md_shared_nll_per_count,teacher-forced one-step conditional Poisson prediction
E20_02_belief_condition_neural_prediction,exp20_ibl_md_belief_dynamics,belief_condition_neural_prediction,md_shared_vs_md_clamp,animal_with_session_nested,20,20,0,-7.763186133463718e-06,-0.000157822832408,0.0001244804301584,-7.763186133463718e-06,1.0,Holm(exp20_belief_condition_family),inconclusive,comparator_nll_per_count_minus_md_shared_nll_per_count,teacher-forced one-step conditional Poisson prediction
E20_03_belief_condition_neural_prediction,exp20_ibl_md_belief_dynamics,belief_condition_neural_prediction,md_shared_vs_md_delay_1,animal_with_session_nested,20,20,0,0.0001043037589771,-3.1208260210631443e-06,0.0003142254581185,0.0001043037589771,1.0,Holm(exp20_belief_condition_family),inconclusive,comparator_nll_per_count_minus_md_shared_nll_per_count,teacher-forced one-step conditional Poisson prediction
E20_04_belief_condition_neural_prediction,exp20_ibl_md_belief_dynamics,belief_condition_neural_prediction,md_shared_vs_md_delay_5,animal_with_session_nested,20,20,0,0.0002660966721382,-1.2845847231167384e-05,0.0007967004443565,0.0002660966721382,1.0,Holm(exp20_belief_condition_family),inconclusive,comparator_nll_per_count_minus_md_shared_nll_per_count,teacher-forced one-step conditional Poisson prediction
E20_05_belief_condition_neural_prediction,exp20_ibl_md_belief_dynamics,belief_condition_neural_prediction,md_shared_vs_md_shuffle,animal_with_session_nested,20,20,0,0.0002034270105116,-6.97016003904885e-06,0.0006112595515742,0.0002034270105116,1.0,Holm(exp20_belief_condition_family),inconclusive,comparator_nll_per_count_minus_md_shared_nll_per_count,teacher-forced one-step conditional Poisson prediction
E20_06_shared_basis_joint_registered_claim,exp20_ibl_md_belief_dynamics,shared_basis_joint_registered_claim,md_shared_vs_common_and_full,animal_with_session_nested,20,20,0,-4.175279188634029e-06,-0.0001690410663582,0.0001230912864921,-4.175279188634029e-06,0.9632,Holm(exp20_common_shared_full_family),inconclusive,common_minus_shared_nll_with_90pct_full_gain_retention,"joint shared-vs-common, full gain, retention, and parameter-count gate"
E20_07_belief_vs_behavior_bias_switch_timing_descriptive,exp20_ibl_md_belief_dynamics,belief_vs_behavior_bias_switch_timing_descriptive,md_belief_minus_causal_choice_history_bias_latency,animal_session,20,20,0,-3.9708333333333337,-5.8125,-2.0458333333333334,-3.9708333333333337,,descriptive_no_registered_test,inconclusive,negative_values_mean_belief_switches_first,descriptive causal EWMA choice-bias proxy; not a neural-latent lead claim
E20_08_past_only_truth_capability_contract,exp20_ibl_md_belief_dynamics,past_only_truth_capability_contract,registered_threshold_audit,session_contract,20,20,0,1.0,,,1.0,,none_contract_audit,support,probabilityLeft excluded from gate/model; current/future cue excluded,data/timing capability audit only
